-0.249,-0.294,0.051,-0.225,-0.026,-0.027,-0.123,0.128,0.046,0.058,-0.049,0.057,0.117,-0.083,0.053,0.094,-0.121,0.033,0.060,-0.215,0.028,0.001,-0.086,-0.019,-0.047,0.002,-0.008,-0.098,0.035,0.021,-0.124,0.123,0.018,-0.116,0.061,0.018,-0.111,-0.001,0.020,-0.077,-0.020,0.012,-0.020,-0.042,0.005,0.022,-0.038,0.002,0.035,-0.048,-0.002,0.030,-0.055,0.006,0.041,-0.083,0.004,0.062,-0.071,0.005,0.086,-0.023,-0.009,0.055,0.075,-0.028,0.016,0.026,-0.024,-0.034,-0.038,-0.024,-0.012,-0.050,0.010,Forearm
-0.358,-0.405,0.160,-0.397,-0.208,0.048,-0.368,0.047,0.051,-0.205,-0.037,0.078,-0.065,-0.100,0.008,0.028,0.001,-0.018,0.137,0.025,0.009,0.232,0.098,-0.024,0.187,0.136,-0.042,0.171,0.057,-0.022,0.017,0.015,-0.041,-0.111,0.064,-0.025,-0.169,0.051,-0.003,-0.148,0.017,0.001,-0.128,-0.001,0.004,-0.101,-0.036,0.009,-0.064,-0.007,-0.009,-0.016,0.007,0.004,0.027,-0.036,0.027,0.065,-0.047,0.012,0.078,-0.037,-0.002,0.062,-0.030,-0.010,0.028,-0.024,-0.008,-0.023,-0.048,-0.003,-0.033,-0.014,-0.004,Forearm
-0.374,-0.383,0.087,-0.386,-0.121,0.013,-0.304,0.026,0.005,-0.143,0.019,-0.015,-0.061,0.019,-0.049,0.043,0.036,-0.044,0.067,0.001,-0.041,0.080,0.020,-0.031,0.143,0.019,-0.039,0.229,0.033,-0.050,0.208,0.068,-0.014,0.167,0.032,-0.056,0.028,-0.080,-0.038,-0.127,-0.018,-0.017,-0.183,0.062,-0.005,-0.165,0.035,0.006,-0.088,0.001,0.005,-0.010,-0.010,-0.008,0.048,-0.059,-0.009,0.047,-0.034,-0.005,0.029,-0.031,0.008,0.029,-0.026,-0.002,0.024,0.004,-0.002,0.012,-0.010,-0.006,0.020,-0.028,-0.012,Forearm
-0.287,-0.345,0.123,-0.268,-0.244,-0.070,-0.181,0.207,-0.062,-0.057,0.135,0.013,0.083,-0.088,-0.030,0.124,-0.029,-0.031,0.140,0.002,0.002,0.136,0.003,-0.020,0.109,-0.008,0.022,0.048,-0.047,0.048,-0.072,-0.042,-0.006,-0.151,0.005,0.006,-0.162,0.023,0.028,-0.115,-0.008,0.011,-0.087,-0.043,-0.011,-0.059,-0.021,0.012,-0.043,-0.018,0.014,-0.010,-0.006,0.002,0.004,0.022,-0.017,0.038,0.029,-0.015,0.039,-0.020,-0.013,0.043,-0.071,-0.015,0.023,-0.081,-0.019,0.010,-0.064,-0.023,0.021,-0.050,-0.026,Forearm
-0.131,-0.258,0.105,-0.275,-0.288,0.051,-0.316,-0.055,-0.008,-0.228,0.088,0.024,-0.079,0.012,-0.003,0.119,0.008,-0.019,0.246,-0.016,-0.005,0.274,-0.042,0.025,0.218,-0.103,0.035,0.121,-0.118,0.007,-0.038,-0.013,-0.005,-0.170,0.067,-0.005,-0.248,0.075,0.008,-0.263,-0.026,0.020,-0.230,-0.067,0.020,-0.174,-0.070,-0.002,-0.059,-0.067,0.006,-0.010,-0.126,0.020,-0.009,-0.095,0.000,-0.009,-0.060,-0.033,0.009,-0.083,0.000,-0.018,-0.101,-0.008,-0.012,-0.101,-0.018,-0.019,-0.011,0.006,-0.011,-0.028,0.004,Forearm
-0.190,-0.216,0.116,-0.336,-0.263,0.129,-0.341,-0.207,0.103,-0.261,-0.104,0.045,-0.180,-0.033,-0.013,-0.087,-0.000,-0.022,-0.006,-0.006,-0.012,-0.038,-0.053,-0.005,-0.036,-0.058,-0.019,-0.004,-0.029,-0.021,-0.008,0.004,-0.022,-0.010,-0.027,-0.033,0.036,-0.031,-0.065,0.152,0.040,-0.114,0.200,0.112,-0.124,0.191,0.098,-0.008,0.189,-0.117,0.048,0.055,-0.147,-0.036,-0.082,-0.040,-0.026,-0.126,-0.050,0.012,-0.148,-0.074,-0.025,-0.164,-0.058,-0.031,-0.142,-0.024,0.024,-0.116,-0.064,0.048,-0.072,-0.084,-0.012,Forearm
-0.220,-0.321,0.172,-0.279,-0.215,0.018,-0.115,-0.029,-0.054,0.008,0.004,-0.031,0.116,0.004,-0.051,0.188,0.048,-0.033,0.188,-0.028,0.028,0.103,-0.137,0.016,-0.024,-0.071,-0.018,-0.075,0.044,0.021,-0.086,0.045,0.007,-0.070,-0.020,-0.004,-0.061,-0.087,0.000,-0.021,-0.086,-0.004,-0.008,-0.077,-0.013,0.010,-0.064,-0.012,0.029,-0.062,-0.014,0.040,-0.042,-0.032,0.056,-0.041,-0.030,0.043,-0.014,-0.022,0.013,-0.038,-0.012,0.011,-0.025,-0.011,-0.017,-0.008,-0.010,-0.017,-0.024,-0.021,0.007,-0.033,-0.016,Forearm
-0.221,-0.157,0.133,-0.302,-0.211,0.059,-0.242,-0.066,-0.001,-0.115,-0.017,-0.026,0.041,-0.030,-0.051,0.135,-0.047,-0.049,0.173,-0.017,-0.042,0.195,-0.010,-0.039,0.181,0.016,-0.011,0.082,-0.027,0.015,-0.062,-0.039,0.009,-0.180,0.038,0.018,-0.177,0.041,0.035,-0.118,0.002,0.024,-0.066,-0.029,-0.005,-0.036,-0.013,0.000,0.020,-0.020,0.004,0.056,-0.039,-0.027,0.090,0.003,-0.018,0.067,-0.046,-0.008,0.035,-0.065,-0.036,0.035,0.016,-0.020,-0.004,-0.005,-0.010,-0.009,-0.067,-0.029,0.011,-0.058,-0.029,Forearm
-0.136,-0.146,0.132,-0.189,-0.176,0.009,-0.137,-0.017,-0.025,-0.028,-0.014,-0.011,0.092,-0.043,-0.060,0.170,0.023,-0.051,0.175,0.032,-0.013,0.102,-0.006,-0.012,0.001,-0.004,-0.016,-0.085,-0.032,0.024,-0.095,-0.047,0.011,-0.046,-0.013,-0.014,-0.003,-0.015,-0.030,0.033,-0.009,-0.032,0.047,-0.026,-0.016,0.032,-0.024,-0.007,0.006,0.005,0.007,-0.008,-0.033,0.014,-0.001,-0.058,-0.024,0.027,-0.047,-0.007,0.038,-0.012,-0.015,0.023,0.020,-0.027,-0.020,0.020,-0.037,-0.010,0.013,-0.006,0.003,-0.051,0.001,Forearm
-0.164,-0.345,0.077,-0.145,-0.114,-0.043,-0.030,0.057,-0.015,0.064,-0.070,-0.004,0.123,-0.106,-0.038,0.166,-0.018,-0.010,0.134,-0.067,0.029,0.041,-0.130,0.029,-0.027,-0.055,-0.003,-0.063,-0.019,-0.002,-0.063,-0.019,-0.015,-0.033,-0.022,-0.019,-0.016,-0.053,-0.015,-0.020,-0.029,0.003,-0.013,-0.042,0.018,-0.014,-0.074,0.002,0.012,-0.046,-0.000,0.041,-0.036,-0.007,0.030,-0.039,-0.005,-0.023,-0.067,-0.010,-0.002,-0.049,0.009,0.008,-0.052,-0.004,0.037,-0.018,-0.011,0.080,0.011,-0.001,0.057,-0.012,-0.028,Forearm
-0.145,-0.203,0.144,-0.202,-0.204,0.013,-0.118,-0.004,-0.053,0.021,0.007,-0.026,0.123,-0.055,-0.041,0.141,-0.035,-0.020,0.112,-0.046,-0.005,0.015,-0.022,0.009,-0.035,-0.036,0.011,-0.095,-0.035,-0.009,-0.096,0.018,-0.002,-0.037,-0.013,-0.017,0.002,-0.058,-0.022,0.040,-0.035,-0.024,0.015,-0.008,-0.026,-0.004,-0.012,-0.003,-0.026,-0.049,0.011,-0.031,-0.065,-0.002,0.019,-0.020,-0.021,0.023,-0.013,-0.025,-0.021,-0.030,-0.039,-0.009,-0.037,-0.016,0.006,-0.023,-0.029,-0.012,-0.020,-0.020,-0.002,-0.057,-0.021,Forearm
-0.201,-0.143,0.115,-0.250,-0.195,0.023,-0.155,-0.019,-0.056,0.016,0.028,-0.035,0.153,-0.024,-0.049,0.226,-0.015,-0.049,0.233,0.007,-0.014,0.158,-0.064,-0.008,0.034,-0.045,-0.032,-0.029,0.056,-0.008,-0.066,0.006,-0.006,-0.076,-0.040,-0.020,-0.048,-0.030,-0.031,-0.029,-0.028,-0.024,-0.005,-0.035,-0.002,0.015,-0.053,-0.001,0.042,-0.057,-0.024,0.056,-0.022,-0.018,0.046,-0.041,-0.024,0.009,-0.053,-0.021,0.005,-0.039,-0.024,-0.013,-0.037,-0.019,-0.027,-0.053,-0.019,0.014,-0.044,-0.007,0.024,-0.018,-0.011,Forearm
-0.180,-0.171,0.035,-0.133,-0.038,-0.014,-0.066,-0.016,-0.013,0.053,-0.042,-0.053,0.115,0.004,-0.045,0.111,0.009,0.009,0.079,-0.069,-0.003,-0.015,-0.054,-0.016,-0.075,0.023,0.010,-0.079,0.015,0.011,-0.046,0.006,-0.017,-0.007,-0.021,-0.013,0.022,-0.053,-0.019,0.018,-0.049,-0.023,-0.011,-0.030,-0.001,-0.012,-0.054,-0.001,0.016,-0.038,-0.012,0.014,-0.036,-0.020,0.021,-0.034,-0.022,0.027,-0.045,-0.019,0.020,-0.022,-0.027,-0.016,-0.023,-0.013,-0.022,-0.065,0.001,-0.020,-0.030,-0.035,0.006,-0.002,-0.026,Forearm
-0.129,-0.170,0.053,-0.098,-0.053,-0.052,-0.076,0.020,-0.005,-0.006,-0.070,-0.004,0.055,-0.044,-0.061,0.100,0.018,-0.017,0.115,-0.037,0.028,0.073,-0.078,-0.005,0.012,-0.056,-0.017,-0.030,-0.019,-0.016,-0.035,0.005,0.003,-0.010,-0.034,-0.011,-0.004,-0.045,-0.011,-0.002,-0.034,-0.009,-0.002,-0.021,-0.010,0.005,0.008,-0.005,0.009,-0.017,-0.005,0.012,-0.039,-0.024,0.026,-0.047,-0.018,0.028,-0.051,-0.015,0.006,-0.048,-0.017,-0.024,-0.055,-0.011,-0.012,-0.046,0.007,-0.013,-0.022,-0.011,0.019,-0.013,-0.012,Forearm
-0.294,-0.160,0.149,-0.265,-0.152,-0.006,-0.076,0.047,-0.057,0.073,-0.003,-0.030,0.183,-0.049,-0.071,0.219,-0.024,-0.053,0.181,-0.038,-0.014,0.048,-0.086,0.001,-0.037,-0.026,-0.025,-0.047,0.017,-0.002,-0.049,-0.047,-0.013,-0.018,-0.046,-0.033,0.008,-0.034,-0.032,0.020,-0.020,-0.015,0.012,-0.045,-0.018,0.023,-0.049,-0.019,0.069,-0.013,-0.020,0.055,-0.019,-0.017,-0.002,-0.068,-0.031,-0.017,-0.013,-0.030,-0.048,0.052,-0.008,-0.074,-0.022,-0.014,-0.031,-0.038,0.002,0.010,-0.030,-0.016,0.013,-0.016,-0.021,Forearm
-0.241,-0.156,0.139,-0.218,-0.155,-0.005,-0.095,0.030,-0.071,0.052,0.013,-0.033,0.135,-0.049,-0.035,0.148,-0.018,-0.045,0.150,-0.025,-0.019,0.049,-0.035,-0.016,-0.048,0.009,0.005,-0.074,-0.005,0.015,-0.083,-0.032,0.010,-0.054,-0.031,-0.012,-0.024,0.003,-0.004,0.008,0.004,0.009,0.022,-0.034,0.011,0.019,-0.068,-0.018,0.033,0.005,-0.004,0.011,-0.009,0.002,-0.016,-0.054,-0.008,-0.016,-0.038,0.002,-0.019,-0.037,-0.004,-0.024,-0.037,-0.002,-0.019,-0.046,-0.019,0.002,-0.058,-0.010,0.009,-0.046,-0.010,Forearm
-0.231,-0.141,0.054,-0.175,-0.060,0.013,-0.038,-0.004,-0.027,0.073,0.007,-0.052,0.127,-0.012,-0.044,0.141,-0.016,-0.020,0.068,-0.030,0.015,-0.001,-0.060,0.011,-0.053,-0.025,0.004,-0.082,-0.015,0.016,-0.071,-0.019,0.002,-0.044,-0.002,-0.009,-0.035,-0.022,0.022,-0.012,-0.074,-0.001,0.015,-0.042,-0.001,0.017,-0.039,-0.005,0.027,-0.032,-0.004,0.023,-0.027,0.006,-0.021,-0.078,0.012,-0.049,-0.090,-0.001,-0.027,-0.020,0.008,-0.015,-0.022,0.003,-0.009,-0.049,-0.035,0.006,-0.014,0.003,0.002,-0.042,0.002,Forearm
-0.119,-0.111,0.040,-0.091,-0.052,-0.029,-0.011,-0.014,-0.038,0.044,-0.008,-0.041,0.098,-0.012,-0.059,0.071,-0.040,-0.009,0.002,-0.016,-0.020,-0.046,0.009,-0.019,-0.030,-0.017,-0.006,-0.008,-0.030,-0.024,-0.001,-0.022,-0.023,0.003,-0.026,-0.016,-0.010,-0.057,-0.018,0.002,-0.033,0.002,0.011,-0.041,-0.002,0.026,-0.057,-0.028,0.022,-0.016,-0.018,-0.006,-0.049,-0.012,-0.026,-0.060,-0.018,-0.026,-0.017,-0.017,-0.023,-0.038,-0.017,-0.005,-0.040,-0.022,0.014,-0.028,-0.015,0.013,-0.058,-0.009,0.010,-0.070,-0.020,Forearm
-0.146,-0.075,0.096,-0.178,-0.144,0.017,-0.098,-0.032,-0.043,-0.008,-0.003,0.002,0.057,-0.069,-0.024,0.102,-0.045,-0.040,0.068,-0.005,0.009,0.068,-0.086,0.014,-0.023,-0.043,-0.015,-0.022,0.024,-0.001,-0.031,-0.029,-0.006,-0.052,-0.050,0.003,-0.060,-0.053,0.016,-0.056,-0.041,0.007,-0.010,-0.026,0.020,0.029,-0.061,0.014,0.061,-0.055,-0.028,0.070,0.005,-0.018,0.033,-0.047,-0.008,-0.008,-0.063,-0.024,-0.012,-0.003,-0.016,0.003,-0.016,-0.016,0.012,-0.058,-0.024,0.035,-0.047,-0.023,0.029,-0.042,-0.018,Forearm
-0.154,-0.174,0.020,-0.080,-0.035,-0.060,0.038,0.016,-0.028,0.126,-0.037,-0.053,0.155,-0.032,-0.050,0.122,-0.009,-0.013,0.058,-0.052,-0.006,-0.033,-0.045,-0.029,-0.054,0.015,-0.004,-0.051,-0.027,-0.024,-0.028,-0.004,-0.027,-0.008,-0.008,-0.018,0.005,-0.038,-0.005,0.012,-0.058,-0.010,0.027,-0.028,-0.013,0.036,-0.024,-0.012,0.006,-0.045,-0.021,-0.010,-0.027,-0.026,-0.007,-0.029,-0.005,-0.032,-0.035,-0.014,-0.028,-0.037,-0.008,0.002,-0.037,-0.001,-0.001,-0.045,-0.019,0.005,-0.050,-0.005,0.021,-0.054,0.001,Forearm
-0.218,-0.239,0.049,-0.125,-0.046,-0.047,0.007,0.051,-0.053,0.106,-0.001,-0.017,0.141,-0.050,-0.029,0.141,-0.026,-0.004,0.064,-0.019,-0.007,-0.033,-0.029,0.015,-0.072,-0.058,0.022,-0.072,-0.058,-0.009,-0.051,-0.032,-0.013,-0.016,-0.040,-0.011,-0.013,-0.052,-0.002,-0.019,-0.036,0.001,-0.007,-0.029,0.005,0.030,-0.029,-0.001,0.057,-0.037,-0.022,0.083,0.001,-0.030,0.038,-0.007,-0.015,-0.013,-0.045,-0.007,-0.034,-0.002,-0.002,-0.060,0.003,0.004,-0.051,-0.045,-0.002,-0.010,-0.044,-0.010,0.008,-0.033,-0.009,Forearm
-0.327,-0.119,0.082,-0.342,-0.091,0.026,-0.257,0.024,-0.040,-0.042,0.083,-0.078,0.171,0.009,-0.068,0.235,-0.058,-0.049,0.243,-0.019,-0.008,0.166,-0.035,-0.023,-0.021,-0.015,0.003,-0.112,0.008,0.013,-0.133,-0.004,0.024,-0.118,-0.031,0.005,-0.066,-0.009,-0.014,-0.036,-0.038,-0.002,-0.008,-0.059,0.006,0.022,-0.044,0.001,0.043,-0.036,0.008,0.039,-0.047,0.008,0.016,-0.024,-0.017,-0.007,-0.021,-0.006,-0.020,-0.050,-0.013,-0.016,-0.063,-0.021,-0.018,-0.016,-0.016,-0.050,-0.027,-0.009,-0.068,-0.042,0.005,Forearm
-0.217,-0.250,0.120,-0.199,-0.198,0.030,-0.108,-0.123,-0.008,0.030,-0.107,-0.052,0.157,-0.032,-0.077,0.199,-0.042,-0.055,0.168,-0.048,-0.048,0.161,0.007,-0.020,0.099,-0.032,0.005,-0.035,-0.074,-0.012,-0.069,-0.009,-0.011,-0.087,-0.010,0.003,-0.093,-0.017,-0.003,-0.065,0.007,-0.003,-0.036,-0.025,0.023,-0.013,-0.069,0.015,0.011,-0.031,-0.017,0.039,0.031,-0.006,0.025,-0.024,-0.001,-0.010,-0.045,-0.005,-0.027,-0.032,-0.002,-0.034,-0.039,0.004,-0.028,-0.059,-0.011,-0.006,-0.026,-0.015,0.004,-0.025,-0.006,Forearm
-0.240,-0.253,0.064,-0.170,-0.050,-0.016,-0.017,-0.011,-0.075,0.149,0.009,-0.047,0.175,-0.049,-0.037,0.168,-0.014,-0.022,0.124,-0.030,-0.020,0.044,-0.016,-0.023,-0.027,0.014,-0.009,-0.055,0.005,-0.005,-0.086,-0.006,-0.003,-0.081,-0.004,-0.004,-0.045,-0.046,0.006,-0.011,-0.041,0.001,0.011,-0.030,-0.015,0.059,-0.024,-0.013,0.076,0.006,-0.025,0.059,0.034,-0.027,0.007,0.010,-0.022,-0.034,-0.016,-0.015,-0.051,-0.020,0.002,-0.064,-0.045,-0.006,-0.034,-0.048,-0.017,0.001,-0.032,-0.019,0.014,-0.009,-0.013,Forearm
-0.091,-0.287,0.021,-0.205,0.009,-0.001,-0.216,0.122,0.047,-0.112,0.087,0.055,0.022,0.047,-0.023,0.114,0.133,-0.057,0.230,0.060,0.007,0.138,-0.112,-0.028,0.020,0.009,-0.034,-0.109,0.035,-0.008,-0.176,0.052,0.022,-0.162,0.026,0.022,-0.122,0.037,0.001,-0.131,0.047,0.006,-0.147,0.029,0.026,-0.148,-0.002,0.021,-0.090,0.004,0.010,-0.003,0.055,0.009,0.045,0.111,-0.004,0.042,0.076,-0.000,0.023,-0.024,0.001,0.001,-0.023,-0.009,-0.003,0.014,-0.008,0.008,0.002,-0.012,-0.026,-0.014,-0.019,Forearm
-0.100,-0.321,0.133,-0.253,-0.372,0.055,-0.223,-0.069,0.009,-0.092,0.027,-0.061,0.066,0.097,-0.087,0.125,0.124,-0.080,0.168,0.031,-0.051,0.183,-0.098,-0.033,0.127,-0.061,-0.078,0.083,0.022,-0.036,-0.008,-0.030,-0.035,-0.027,-0.060,-0.024,-0.059,-0.048,-0.058,-0.083,-0.019,-0.044,-0.061,-0.035,-0.013,-0.005,-0.044,-0.020,-0.019,-0.071,-0.057,-0.038,-0.060,-0.042,-0.019,-0.038,0.020,-0.001,-0.052,-0.013,0.004,-0.088,-0.030,0.050,-0.093,-0.017,0.056,-0.108,-0.021,0.021,-0.089,-0.038,0.009,-0.055,-0.032,Forearm
-0.224,-0.404,0.169,-0.245,-0.309,0.045,-0.120,-0.032,-0.064,-0.004,0.066,-0.049,0.105,0.004,-0.058,0.183,0.005,-0.067,0.169,0.044,-0.035,0.143,-0.026,0.011,0.047,-0.050,-0.036,-0.042,0.020,-0.023,-0.061,-0.018,-0.018,-0.036,-0.026,-0.029,-0.036,0.004,-0.040,-0.095,0.005,-0.017,-0.068,-0.035,0.007,0.003,-0.042,-0.005,-0.027,-0.045,-0.035,-0.009,-0.007,-0.019,0.034,-0.001,-0.004,0.053,-0.008,-0.014,0.044,-0.066,-0.033,0.048,-0.044,0.006,0.041,-0.010,-0.016,0.046,-0.000,-0.005,0.042,-0.041,-0.020,Forearm
-0.126,-0.405,0.049,-0.097,-0.086,-0.049,-0.067,0.048,-0.033,-0.006,0.016,0.018,0.047,0.002,-0.026,0.100,0.036,-0.041,0.095,0.021,-0.008,0.031,-0.022,-0.021,-0.020,0.009,0.003,-0.077,0.009,0.005,-0.100,0.027,-0.028,-0.071,0.051,-0.027,-0.057,0.012,-0.039,-0.017,0.009,-0.042,-0.002,0.002,-0.063,0.021,0.017,-0.072,0.055,-0.001,-0.064,0.093,-0.044,-0.057,0.102,-0.033,-0.043,0.091,-0.021,-0.030,0.060,-0.016,-0.021,0.038,-0.031,-0.030,0.019,-0.038,-0.031,0.018,-0.041,-0.024,0.025,-0.019,-0.046,Forearm
-0.192,-0.386,0.055,-0.146,-0.068,-0.040,-0.062,0.020,-0.047,0.041,0.011,-0.042,0.141,0.050,-0.063,0.154,0.054,-0.031,0.115,-0.033,0.013,0.033,-0.069,-0.032,-0.059,0.027,-0.003,-0.085,0.013,0.016,-0.072,-0.020,-0.018,-0.103,-0.006,-0.004,-0.122,-0.008,0.018,-0.097,-0.042,0.018,-0.078,-0.019,-0.003,-0.037,0.004,0.009,0.004,-0.014,-0.005,0.029,-0.057,-0.018,0.060,-0.037,-0.028,0.073,0.029,-0.009,0.059,-0.022,-0.015,0.063,-0.038,-0.003,0.036,-0.045,-0.008,0.009,-0.037,-0.016,-0.011,-0.060,-0.009,Forearm
-0.226,-0.375,0.067,-0.198,-0.098,-0.042,-0.114,0.022,-0.061,0.008,0.039,-0.027,0.112,-0.007,-0.073,0.159,0.073,-0.064,0.169,0.057,-0.004,0.080,-0.047,0.005,0.014,-0.015,0.000,-0.027,-0.017,0.023,-0.066,-0.041,-0.005,-0.063,0.021,0.013,-0.069,0.013,0.018,-0.069,0.003,0.014,-0.042,-0.013,0.009,-0.004,-0.014,-0.008,0.025,-0.035,-0.016,0.038,-0.038,-0.003,0.034,-0.028,-0.006,-0.005,-0.029,-0.014,-0.000,-0.012,-0.009,0.026,-0.009,-0.004,0.019,-0.044,-0.008,0.031,-0.042,-0.012,0.035,-0.034,-0.035,Forearm
-0.158,-0.291,0.134,-0.157,-0.184,-0.019,-0.082,0.041,-0.057,0.013,0.052,-0.048,0.125,0.026,-0.041,0.160,0.014,-0.037,0.151,-0.010,-0.010,0.071,-0.035,-0.009,-0.014,-0.035,-0.011,-0.051,-0.032,0.006,-0.049,-0.025,-0.005,-0.005,-0.022,-0.018,0.002,-0.031,-0.018,-0.010,-0.044,-0.015,-0.003,-0.035,0.006,-0.009,-0.042,-0.005,-0.022,-0.064,-0.012,-0.016,-0.034,-0.017,0.003,-0.016,0.006,0.002,-0.047,-0.007,0.003,-0.062,0.003,0.011,-0.055,-0.012,0.013,-0.044,-0.010,-0.002,-0.061,-0.020,0.001,-0.034,-0.004,Forearm
-0.186,-0.239,0.151,-0.253,-0.303,0.012,-0.123,0.004,-0.073,-0.022,0.072,-0.038,0.056,0.043,-0.015,0.155,-0.008,-0.031,0.178,-0.057,-0.026,0.091,-0.017,-0.039,0.019,0.022,-0.024,-0.040,-0.007,0.005,-0.059,-0.023,-0.014,-0.062,0.002,-0.023,-0.078,-0.002,-0.004,-0.064,-0.046,-0.001,-0.025,-0.040,-0.004,-0.005,-0.027,-0.014,0.012,-0.047,-0.013,0.024,-0.063,-0.023,0.027,-0.054,-0.013,0.014,-0.035,-0.017,0.010,-0.029,-0.011,-0.010,-0.022,-0.014,-0.013,-0.062,-0.005,-0.004,-0.057,-0.011,-0.024,-0.042,-0.011,Forearm
-0.139,-0.255,0.066,-0.139,-0.109,-0.014,-0.097,0.023,0.001,-0.038,-0.008,0.013,0.062,-0.028,-0.031,0.125,0.016,-0.010,0.118,-0.048,0.013,0.058,-0.059,-0.033,0.004,0.017,-0.016,-0.007,-0.019,0.014,0.012,-0.053,-0.028,0.020,-0.025,-0.022,0.020,-0.029,-0.005,0.007,-0.042,-0.012,-0.007,-0.034,-0.003,-0.014,-0.048,0.004,-0.026,-0.065,-0.016,-0.007,-0.017,0.003,-0.008,-0.040,-0.001,0.006,-0.059,-0.016,0.003,-0.039,-0.013,-0.024,-0.058,-0.001,0.012,-0.059,0.005,0.046,-0.028,-0.011,-0.016,-0.033,-0.026,Forearm
-0.244,-0.110,0.199,-0.298,-0.374,0.051,-0.175,-0.063,-0.097,-0.055,0.080,-0.132,0.121,0.074,-0.073,0.228,0.018,-0.056,0.243,-0.008,-0.075,0.174,0.013,-0.034,0.051,-0.005,-0.031,0.001,-0.023,-0.028,0.004,-0.020,-0.042,0.017,-0.011,-0.041,0.021,-0.033,-0.032,-0.006,-0.062,-0.033,-0.024,-0.037,-0.013,-0.031,-0.011,-0.010,-0.049,-0.046,-0.031,-0.038,-0.012,-0.029,-0.020,0.009,-0.008,-0.001,-0.064,-0.044,0.042,-0.055,-0.031,0.044,-0.014,-0.019,0.003,-0.017,-0.017,-0.035,-0.062,-0.017,-0.023,-0.066,0.013,Forearm
-0.067,-0.086,0.086,-0.108,-0.183,0.005,-0.064,-0.083,-0.041,0.031,0.005,-0.041,0.075,0.025,-0.051,0.087,0.023,-0.048,0.100,-0.024,0.013,0.040,-0.091,-0.017,-0.013,-0.016,-0.026,-0.034,-0.017,0.009,-0.014,-0.059,-0.031,0.012,-0.038,-0.048,0.019,0.006,-0.033,0.013,-0.008,-0.020,0.013,-0.046,-0.035,0.012,-0.017,-0.018,0.025,-0.040,-0.029,-0.000,-0.044,-0.025,-0.024,-0.029,-0.018,-0.025,-0.054,-0.017,-0.009,-0.060,-0.020,-0.006,-0.033,-0.026,0.024,-0.037,-0.021,0.038,-0.057,-0.024,0.041,-0.042,-0.029,Forearm
-0.093,-0.203,0.055,-0.065,-0.071,-0.057,-0.053,0.053,-0.028,-0.042,-0.007,0.021,0.024,-0.038,-0.035,0.011,-0.018,-0.002,-0.001,-0.020,0.002,-0.013,-0.028,-0.020,-0.039,-0.022,0.000,-0.020,-0.047,-0.003,-0.003,-0.045,-0.029,0.010,-0.030,-0.024,-0.016,-0.045,-0.026,-0.025,-0.045,-0.022,-0.015,-0.042,-0.006,-0.024,-0.043,-0.021,-0.014,-0.032,-0.013,-0.009,-0.037,-0.016,0.011,-0.046,-0.011,0.023,-0.055,-0.027,0.015,-0.039,-0.011,-0.009,-0.038,-0.012,-0.029,-0.045,-0.005,-0.003,-0.058,-0.011,0.022,-0.038,-0.016,Forearm
-0.171,-0.179,0.073,-0.126,-0.105,-0.027,-0.036,0.022,-0.020,0.035,-0.010,-0.025,0.107,-0.015,-0.009,0.117,-0.026,-0.023,0.100,-0.006,-0.007,0.035,-0.018,-0.010,-0.038,-0.023,0.001,-0.042,-0.033,-0.002,-0.021,-0.034,-0.025,0.015,-0.013,-0.025,0.017,-0.030,-0.005,-0.025,-0.069,-0.010,-0.033,-0.020,-0.005,-0.030,-0.027,0.003,-0.009,-0.058,-0.021,0.012,-0.019,-0.024,0.004,-0.032,-0.026,0.024,-0.033,-0.024,0.024,-0.038,-0.029,0.027,-0.025,-0.023,0.053,-0.011,-0.019,0.042,-0.005,-0.016,0.016,-0.040,-0.025,Forearm
-0.203,-0.233,0.045,-0.111,-0.069,-0.023,-0.038,0.029,-0.023,0.034,-0.009,-0.005,0.116,-0.040,-0.055,0.113,0.018,-0.014,0.063,-0.010,0.031,-0.020,-0.051,-0.007,-0.052,0.011,-0.012,-0.055,-0.005,0.003,-0.036,-0.043,-0.003,-0.005,-0.026,-0.024,0.000,0.012,-0.001,-0.008,-0.005,0.007,-0.013,-0.024,0.017,-0.010,-0.035,0.001,-0.002,-0.032,0.010,0.001,-0.037,-0.007,-0.014,-0.040,0.000,-0.030,-0.053,-0.008,-0.013,-0.039,-0.007,0.006,-0.035,-0.004,-0.004,-0.045,-0.004,-0.026,-0.057,-0.011,0.014,-0.035,0.006,Forearm
-0.263,-0.233,0.073,-0.161,-0.099,-0.040,-0.104,0.019,-0.035,-0.033,0.026,-0.021,0.072,-0.009,-0.055,0.139,0.005,-0.034,0.099,-0.013,-0.011,0.055,0.004,-0.032,0.035,0.003,-0.027,0.022,-0.027,-0.013,0.004,-0.025,-0.024,-0.022,-0.021,-0.013,-0.070,-0.036,0.006,-0.095,-0.049,0.005,-0.075,-0.023,-0.009,-0.040,-0.015,-0.020,-0.005,0.008,-0.025,0.008,-0.023,-0.005,0.014,-0.077,-0.019,0.021,-0.048,-0.022,0.029,-0.005,-0.020,0.022,-0.030,-0.016,0.012,-0.055,-0.014,-0.010,-0.043,-0.014,-0.022,-0.049,-0.002,Forearm
-0.096,-0.055,0.089,-0.170,-0.169,0.039,-0.140,-0.062,0.005,-0.080,-0.007,-0.007,0.021,-0.001,-0.024,0.104,0.004,-0.066,0.111,0.049,-0.033,0.102,-0.020,-0.005,0.037,-0.060,-0.032,-0.030,0.005,-0.021,-0.064,0.015,-0.006,-0.025,-0.031,-0.033,0.016,-0.033,-0.043,0.028,-0.027,-0.044,0.019,-0.020,-0.026,0.004,-0.031,-0.010,-0.018,-0.056,-0.017,0.008,-0.023,-0.015,0.033,-0.017,-0.016,0.036,-0.044,-0.024,0.035,-0.036,-0.026,0.007,-0.047,-0.025,0.002,-0.039,-0.013,-0.024,-0.031,-0.009,-0.023,-0.048,-0.014,Forearm
-0.186,-0.136,0.094,-0.213,-0.104,0.018,-0.139,-0.029,-0.006,-0.060,-0.022,-0.010,0.065,-0.007,-0.043,0.123,0.027,-0.039,0.158,-0.005,0.004,0.118,-0.075,-0.022,0.030,-0.050,-0.022,-0.011,-0.016,-0.021,-0.027,-0.033,-0.029,-0.044,-0.038,-0.035,-0.042,-0.028,-0.021,-0.032,-0.038,-0.037,-0.026,-0.038,-0.034,-0.036,-0.036,-0.020,-0.020,-0.041,-0.017,0.011,-0.033,-0.025,0.021,-0.041,-0.031,0.013,-0.053,-0.007,-0.015,-0.044,-0.005,-0.032,-0.023,-0.006,-0.026,-0.031,0.008,-0.011,-0.040,-0.011,-0.022,-0.036,-0.009,Forearm
-0.138,-0.112,0.139,-0.146,-0.163,0.001,-0.041,0.016,-0.058,0.024,0.014,-0.008,0.116,-0.039,-0.032,0.134,0.005,-0.030,0.097,-0.022,0.010,0.025,-0.049,-0.013,-0.036,-0.016,-0.013,-0.049,-0.000,0.011,-0.031,-0.020,-0.009,-0.010,-0.032,-0.013,0.001,-0.038,-0.014,-0.002,-0.036,-0.003,-0.025,-0.031,0.010,-0.064,-0.035,0.023,-0.057,-0.050,0.018,-0.026,0.013,-0.007,-0.049,-0.030,0.013,-0.018,-0.080,0.002,0.019,-0.039,-0.038,0.012,-0.015,-0.008,0.043,-0.063,0.010,0.067,-0.047,-0.010,0.060,-0.022,-0.021,Forearm
-0.157,-0.193,0.039,-0.107,-0.087,-0.005,-0.033,-0.030,-0.024,0.100,-0.014,-0.035,0.179,-0.009,-0.081,0.171,0.017,-0.045,0.109,-0.035,-0.001,0.020,-0.075,-0.022,-0.035,-0.010,-0.028,-0.056,-0.028,-0.007,-0.007,-0.057,-0.043,0.040,-0.021,-0.047,0.046,-0.035,-0.029,0.034,-0.050,-0.036,0.017,-0.021,-0.026,0.013,-0.021,-0.005,0.009,-0.054,-0.019,0.009,-0.045,-0.028,0.013,-0.015,-0.022,0.006,-0.049,-0.005,0.013,-0.058,-0.010,0.010,-0.039,-0.020,-0.012,-0.048,-0.011,-0.017,-0.044,-0.016,0.001,-0.044,-0.009,Forearm
-0.102,-0.289,-0.006,-0.032,-0.008,-0.119,0.028,0.096,-0.045,0.108,-0.011,-0.017,0.167,-0.004,-0.006,0.118,-0.038,-0.035,0.073,-0.019,-0.005,0.003,-0.026,-0.015,-0.030,-0.010,-0.010,-0.066,-0.036,-0.015,-0.051,-0.033,-0.009,-0.045,-0.023,-0.005,-0.024,-0.022,0.006,-0.007,-0.038,0.011,-0.012,-0.043,-0.017,-0.010,-0.034,-0.014,0.019,-0.034,-0.010,0.011,-0.033,-0.015,-0.031,-0.030,-0.024,-0.025,-0.025,-0.007,-0.005,-0.022,-0.009,-0.003,-0.033,-0.026,-0.003,-0.046,-0.017,-0.003,-0.045,-0.012,-0.003,-0.034,-0.006,Forearm
0.072,0.054,0.096,0.029,0.116,0.065,0.071,0.047,0.018,0.090,-0.030,0.005,0.083,-0.055,-0.002,0.167,-0.041,-0.004,0.232,-0.074,0.035,0.149,0.017,0.038,0.079,0.043,0.041,0.063,0.039,0.024,0.036,0.003,-0.022,-0.038,-0.040,-0.029,-0.036,-0.001,0.007,0.024,0.017,0.033,0.033,-0.023,0.029,-0.011,-0.039,0.012,-0.030,-0.025,0.007,-0.016,-0.015,0.010,0.010,-0.049,0.011,0.011,-0.140,0.001,-0.010,-0.159,-0.000,0.015,-0.134,0.007,0.075,-0.107,0.006,0.089,-0.111,0.006,0.049,-0.104,-0.019,Palm
-0.100,-0.036,-0.006,-0.149,-0.070,-0.002,-0.129,-0.078,-0.011,-0.056,-0.040,-0.020,0.038,-0.001,-0.024,0.099,-0.005,-0.007,0.088,-0.035,0.004,0.084,-0.027,-0.003,0.083,-0.028,-0.007,0.010,-0.034,-0.008,-0.049,0.017,-0.001,-0.079,0.006,-0.011,-0.058,0.023,-0.001,0.009,0.015,-0.001,0.006,-0.002,-0.005,0.027,-0.008,-0.005,0.057,-0.030,0.024,-0.019,-0.070,0.030,-0.094,-0.092,0.023,-0.090,-0.104,0.011,-0.053,-0.086,0.004,-0.034,-0.089,0.003,-0.024,-0.065,0.005,-0.036,-0.037,0.014,-0.061,-0.023,0.026,Palm
-0.123,-0.108,0.031,-0.293,-0.155,0.033,-0.233,-0.129,0.027,-0.119,-0.114,0.005,0.086,-0.054,-0.023,0.206,0.015,-0.033,0.210,0.025,-0.027,0.119,0.025,-0.019,-0.019,-0.018,-0.003,-0.086,-0.018,0.028,-0.082,-0.055,0.026,-0.031,-0.033,0.010,0.034,-0.035,-0.015,0.062,-0.035,-0.028,0.052,-0.031,-0.020,0.036,-0.047,-0.008,0.005,-0.035,-0.003,0.001,-0.024,-0.015,0.002,-0.003,-0.011,0.002,-0.040,-0.007,0.013,-0.055,-0.012,0.011,-0.051,-0.008,0.024,-0.054,-0.016,0.024,-0.036,-0.014,0.013,-0.032,-0.008,Palm
-0.151,-0.093,0.001,-0.105,-0.071,-0.013,-0.014,-0.058,-0.015,0.074,-0.046,-0.021,0.124,-0.040,-0.028,0.093,-0.021,-0.009,0.012,-0.053,-0.006,-0.059,-0.044,0.011,-0.075,-0.050,0.016,-0.038,-0.029,0.019,-0.003,-0.035,0.006,0.043,-0.027,-0.012,0.050,-0.031,-0.010,0.027,-0.042,-0.007,0.007,-0.023,-0.007,0.017,-0.023,-0.003,-0.018,-0.021,-0.016,-0.020,-0.017,-0.011,-0.020,-0.037,-0.015,-0.037,-0.037,-0.018,-0.019,-0.040,-0.022,0.014,-0.072,-0.021,0.016,-0.071,-0.014,-0.005,-0.066,-0.017,0.004,-0.048,-0.023,Palm
-0.144,-0.078,0.012,-0.144,-0.075,0.011,-0.092,-0.064,-0.008,-0.007,-0.047,-0.032,0.072,-0.043,-0.046,0.144,-0.019,-0.037,0.113,-0.023,-0.021,0.038,-0.022,-0.013,-0.054,-0.026,-0.000,-0.081,-0.034,0.006,-0.057,-0.042,0.008,0.006,-0.046,-0.015,0.043,-0.025,-0.015,0.016,-0.041,-0.017,-0.009,-0.029,-0.020,0.011,-0.034,-0.009,-0.012,-0.037,0.002,-0.052,-0.026,-0.005,-0.032,-0.037,-0.010,0.017,-0.043,-0.019,0.008,-0.029,-0.015,-0.014,-0.023,-0.009,-0.014,-0.046,-0.018,-0.017,-0.028,-0.002,-0.034,-0.039,-0.011,Palm
-0.115,-0.123,0.009,-0.097,-0.039,-0.009,-0.024,-0.046,-0.019,0.091,-0.045,-0.020,0.093,-0.048,-0.025,0.044,-0.027,-0.014,-0.003,-0.041,-0.002,-0.047,-0.050,0.003,-0.046,-0.050,0.001,-0.021,-0.042,-0.002,0.024,-0.042,-0.014,0.030,-0.040,-0.025,0.020,-0.048,-0.015,-0.002,-0.060,-0.015,-0.017,-0.027,-0.007,-0.025,-0.042,-0.008,-0.005,-0.046,-0.016,0.003,-0.037,-0.012,-0.016,-0.050,-0.014,-0.007,-0.060,-0.018,0.012,-0.035,-0.012,0.019,-0.033,-0.010,-0.012,-0.042,-0.011,-0.011,-0.061,-0.017,0.000,-0.051,-0.017,Palm
-0.085,-0.083,0.013,-0.104,-0.061,0.005,-0.056,-0.052,-0.015,0.032,-0.030,-0.022,0.114,-0.061,-0.036,0.108,-0.051,-0.035,0.040,-0.036,-0.008,-0.044,-0.046,0.008,-0.075,-0.046,0.004,-0.068,-0.053,-0.009,-0.005,-0.053,-0.013,0.019,-0.060,-0.023,0.025,-0.025,-0.019,0.026,-0.038,-0.005,0.026,-0.055,-0.017,-0.019,-0.035,-0.004,-0.029,-0.055,-0.009,-0.013,-0.041,-0.011,0.016,-0.038,-0.019,0.007,0.002,-0.014,-0.022,-0.037,-0.002,-0.006,-0.057,-0.024,0.007,-0.043,-0.015,-0.003,-0.046,-0.016,-0.021,-0.032,-0.013,Palm
-0.119,-0.056,0.005,-0.134,-0.050,0.009,-0.052,-0.067,-0.013,0.006,-0.016,-0.015,0.071,-0.020,-0.022,0.127,-0.031,-0.025,0.098,-0.029,-0.020,-0.002,-0.013,0.002,-0.069,-0.039,0.012,-0.060,-0.052,0.009,-0.017,-0.035,0.008,0.001,-0.016,-0.002,0.028,-0.016,-0.005,0.042,-0.011,0.001,0.001,-0.031,0.009,0.011,-0.046,-0.003,0.030,-0.038,0.002,0.010,-0.030,-0.003,-0.013,-0.025,-0.003,-0.002,-0.059,-0.015,0.011,-0.052,-0.006,0.008,-0.045,-0.007,0.004,-0.039,-0.012,-0.002,-0.045,-0.017,-0.021,-0.040,-0.020,Palm
-0.163,-0.096,0.010,-0.106,-0.100,-0.009,-0.046,-0.052,-0.017,0.031,-0.046,-0.026,0.067,-0.027,-0.027,0.056,-0.036,-0.019,0.028,-0.042,-0.011,-0.014,-0.041,-0.008,-0.031,-0.054,0.003,-0.012,-0.058,-0.003,0.010,-0.042,-0.011,0.036,-0.040,-0.009,0.039,-0.044,-0.021,0.035,-0.020,-0.014,-0.005,-0.027,-0.010,-0.037,-0.042,-0.016,-0.032,-0.068,-0.021,-0.002,-0.062,-0.018,0.047,-0.075,-0.024,0.028,-0.041,-0.015,-0.024,-0.033,-0.009,-0.036,-0.039,-0.012,-0.028,-0.036,-0.011,-0.006,-0.031,-0.010,0.004,-0.026,-0.014,Palm
-0.176,-0.015,0.003,-0.198,-0.034,-0.000,-0.093,-0.048,-0.009,0.042,-0.014,-0.011,0.115,-0.021,-0.009,0.140,-0.042,0.001,0.091,-0.054,0.000,0.013,-0.032,-0.002,-0.037,-0.025,0.004,-0.055,-0.034,0.009,0.005,-0.024,0.001,0.012,-0.005,-0.012,-0.009,-0.005,-0.025,0.005,-0.009,-0.026,0.000,-0.002,-0.010,-0.015,-0.037,-0.019,0.022,-0.031,-0.021,0.025,-0.047,-0.008,0.020,-0.042,-0.012,0.003,-0.046,-0.013,-0.008,-0.067,-0.011,-0.026,-0.072,-0.019,-0.024,-0.073,-0.025,-0.000,-0.075,-0.012,0.016,-0.057,-0.013,Palm
-0.165,-0.088,0.012,-0.097,-0.076,-0.005,0.019,-0.043,-0.008,0.080,-0.022,-0.018,0.113,-0.021,-0.023,0.071,-0.021,-0.013,-0.016,-0.046,-0.008,-0.055,-0.020,0.008,-0.046,-0.031,0.013,-0.025,-0.012,0.007,0.017,-0.010,0.002,0.033,-0.022,-0.013,0.027,-0.023,-0.011,0.002,-0.038,-0.005,-0.009,-0.046,0.001,-0.002,-0.024,0.008,-0.001,-0.044,-0.002,-0.004,-0.028,-0.011,0.017,-0.022,-0.004,0.016,-0.019,-0.001,-0.007,-0.022,-0.000,-0.006,-0.049,-0.013,0.015,-0.053,-0.001,0.031,-0.042,0.001,0.002,-0.045,-0.011,Palm
-0.157,-0.085,-0.007,-0.027,-0.086,-0.016,0.060,-0.041,-0.021,0.131,-0.036,-0.031,0.110,-0.029,-0.032,0.030,-0.027,-0.030,-0.040,-0.030,-0.004,-0.085,-0.062,0.000,-0.069,-0.057,0.005,-0.023,-0.043,-0.002,0.046,-0.038,-0.016,0.026,-0.030,-0.033,-0.011,-0.027,-0.030,-0.020,-0.043,-0.017,-0.033,-0.044,-0.020,-0.011,-0.015,-0.009,0.009,-0.018,-0.004,0.007,-0.011,-0.008,0.014,-0.037,-0.003,0.028,-0.045,0.011,0.018,-0.020,0.024,0.003,-0.027,0.022,0.007,-0.047,0.006,0.020,-0.025,-0.008,-0.008,-0.018,-0.012,Palm
-0.187,-0.071,0.009,-0.122,-0.083,-0.002,-0.036,-0.058,-0.017,0.070,-0.033,-0.043,0.150,-0.032,-0.035,0.153,-0.024,-0.025,0.049,-0.030,-0.017,-0.057,-0.046,-0.015,-0.091,-0.044,0.012,-0.052,-0.046,0.013,-0.018,-0.040,-0.009,0.042,-0.048,-0.019,0.061,-0.052,-0.023,0.050,-0.036,-0.015,0.016,-0.036,0.001,-0.042,-0.041,-0.002,-0.043,-0.033,-0.008,-0.002,-0.049,-0.007,0.020,-0.056,-0.015,0.012,-0.046,-0.018,0.024,-0.050,-0.006,0.018,-0.047,-0.002,-0.031,-0.039,-0.017,-0.055,-0.039,-0.023,-0.016,-0.043,-0.015,Palm
-0.209,-0.072,-0.003,-0.202,-0.081,-0.010,-0.071,-0.071,-0.017,0.074,-0.014,-0.028,0.147,-0.016,-0.039,0.171,-0.006,-0.031,0.095,-0.026,-0.020,-0.058,-0.020,0.004,-0.132,-0.048,0.013,-0.114,-0.051,0.019,-0.019,-0.043,0.005,0.071,-0.035,-0.004,0.088,-0.029,-0.012,0.033,-0.029,-0.027,-0.033,-0.026,-0.042,-0.051,-0.030,-0.023,-0.020,-0.020,-0.007,0.008,-0.009,-0.008,0.040,-0.018,-0.015,0.044,-0.018,-0.018,0.010,-0.007,-0.005,-0.039,-0.023,0.007,-0.018,-0.041,0.002,0.021,0.009,0.011,0.038,0.009,0.029,Palm
-0.214,-0.160,0.010,-0.250,-0.140,0.012,-0.074,-0.137,-0.017,0.067,-0.003,-0.023,0.180,0.005,-0.043,0.236,0.012,-0.046,0.237,-0.017,-0.026,0.034,-0.038,-0.014,-0.109,-0.027,-0.001,-0.117,-0.028,0.010,-0.075,-0.032,0.009,0.008,-0.023,-0.006,0.052,-0.025,-0.019,0.034,-0.022,-0.022,-0.006,-0.035,-0.024,-0.030,-0.041,-0.008,-0.039,-0.042,-0.007,-0.040,-0.026,-0.012,-0.019,-0.029,-0.015,0.013,-0.038,-0.019,0.010,-0.026,-0.005,0.001,-0.055,-0.010,-0.011,-0.042,-0.014,-0.025,-0.019,0.002,-0.018,-0.041,-0.009,Palm
-0.091,-0.044,-0.005,-0.029,-0.027,-0.024,0.024,-0.014,-0.022,0.083,-0.020,-0.012,0.079,-0.011,-0.011,0.013,-0.011,-0.006,-0.017,-0.024,-0.000,-0.024,-0.031,0.013,-0.013,-0.020,0.018,-0.013,-0.026,0.007,0.020,-0.026,0.002,0.022,-0.020,-0.002,0.001,0.001,0.012,-0.009,-0.022,0.007,-0.012,-0.034,-0.010,-0.003,-0.030,-0.014,-0.003,-0.017,-0.011,0.010,-0.024,-0.010,0.002,-0.049,-0.023,0.007,-0.028,-0.017,0.016,-0.018,-0.007,0.003,-0.019,-0.009,-0.006,-0.024,-0.012,0.027,-0.031,-0.013,0.031,-0.020,-0.020,Palm
-0.136,-0.103,0.001,-0.120,-0.100,0.002,-0.059,-0.085,0.006,0.007,-0.057,-0.013,0.088,-0.018,-0.039,0.148,-0.019,-0.044,0.118,-0.037,-0.038,-0.012,-0.032,-0.010,-0.056,-0.039,0.002,-0.082,-0.039,0.013,-0.052,-0.035,0.003,0.005,-0.035,-0.013,0.038,-0.039,-0.017,0.049,-0.040,-0.012,0.022,-0.042,-0.008,-0.031,-0.038,-0.008,-0.040,-0.029,-0.007,-0.011,-0.034,-0.013,0.002,-0.035,-0.015,0.020,-0.039,-0.010,0.031,-0.031,-0.012,0.003,-0.023,-0.010,-0.016,-0.038,-0.005,0.005,-0.038,-0.006,0.025,-0.017,0.002,Palm
-0.151,-0.044,-0.009,-0.131,-0.067,-0.005,-0.050,-0.060,-0.011,0.053,-0.027,-0.025,0.111,-0.028,-0.030,0.122,-0.031,-0.026,0.020,-0.047,-0.023,-0.055,-0.043,-0.013,-0.070,-0.047,0.006,-0.045,-0.046,0.013,-0.006,-0.040,-0.010,0.025,-0.037,-0.022,0.038,-0.018,-0.022,0.004,-0.016,-0.019,-0.040,-0.032,-0.013,-0.037,-0.040,-0.007,-0.010,-0.047,-0.013,0.013,-0.035,-0.008,0.007,-0.030,-0.009,0.004,-0.045,-0.017,-0.000,-0.040,-0.017,-0.019,-0.042,-0.008,-0.021,-0.053,-0.010,-0.009,-0.040,-0.007,-0.002,-0.032,-0.003,Palm
-0.136,-0.049,0.005,-0.138,-0.062,-0.009,-0.068,-0.049,-0.025,0.039,-0.014,-0.027,0.121,-0.046,-0.036,0.150,-0.033,-0.028,0.081,-0.031,-0.013,-0.033,-0.019,0.001,-0.085,-0.044,0.003,-0.083,-0.045,0.004,-0.021,-0.044,-0.005,0.036,-0.047,-0.016,0.041,-0.038,-0.021,0.020,-0.038,-0.017,-0.024,-0.040,-0.023,-0.050,-0.033,-0.014,-0.043,-0.042,-0.012,-0.024,-0.037,-0.014,0.005,-0.038,-0.015,0.007,-0.034,-0.012,-0.003,-0.032,-0.011,-0.005,-0.045,-0.014,-0.018,-0.052,-0.002,-0.015,-0.041,-0.001,-0.002,-0.046,-0.004,Palm
-0.078,-0.038,-0.003,-0.037,-0.050,-0.006,0.010,-0.027,-0.011,0.045,-0.026,-0.016,0.088,-0.020,-0.010,0.042,-0.027,-0.016,-0.006,-0.028,-0.005,-0.034,-0.043,-0.010,-0.031,-0.038,0.005,-0.010,-0.037,-0.001,0.015,-0.029,-0.018,0.032,-0.023,-0.016,0.009,-0.013,-0.013,-0.033,-0.020,-0.001,-0.037,-0.037,-0.004,0.006,-0.032,0.002,0.038,-0.034,0.004,0.036,-0.035,-0.010,0.018,-0.042,-0.013,-0.004,-0.050,-0.007,-0.011,-0.042,-0.006,-0.009,-0.043,-0.007,-0.008,-0.046,-0.014,0.011,-0.048,-0.014,-0.001,-0.029,-0.019,Palm
-0.095,-0.070,0.005,-0.067,-0.057,-0.009,0.017,-0.045,-0.017,0.091,-0.024,-0.020,0.088,-0.042,-0.031,0.030,-0.013,-0.012,-0.016,-0.053,-0.012,-0.038,-0.034,-0.000,-0.040,-0.030,0.009,-0.008,-0.034,-0.004,0.019,-0.030,-0.022,0.034,-0.017,-0.026,0.017,-0.009,-0.010,-0.026,-0.020,-0.008,-0.031,-0.046,-0.012,-0.003,-0.037,-0.011,0.039,-0.035,-0.003,0.039,-0.033,-0.003,0.021,-0.022,-0.008,-0.010,-0.031,-0.009,-0.017,-0.042,-0.008,-0.002,-0.047,-0.002,0.002,-0.035,-0.005,0.016,-0.030,-0.007,0.013,-0.033,-0.010,Palm
-0.124,-0.067,-0.011,-0.071,-0.053,-0.018,0.015,-0.059,-0.016,0.049,-0.046,-0.022,0.023,-0.037,-0.016,0.009,-0.049,-0.010,-0.019,-0.043,-0.010,-0.032,-0.053,0.006,-0.024,-0.052,0.001,-0.009,-0.049,0.001,0.016,-0.044,-0.013,0.013,-0.035,-0.015,0.002,-0.029,-0.012,-0.009,-0.031,-0.010,-0.014,-0.031,-0.009,-0.014,-0.039,-0.007,0.004,-0.041,-0.007,0.008,-0.043,-0.008,0.001,-0.045,-0.008,0.006,-0.047,-0.009,0.005,-0.040,-0.004,0.002,-0.035,0.001,0.004,-0.038,-0.009,-0.000,-0.029,-0.021,-0.005,-0.020,-0.007,Palm
-0.150,-0.073,-0.003,-0.092,-0.064,-0.000,-0.010,-0.072,-0.007,0.062,-0.035,-0.031,0.100,-0.022,-0.029,0.076,-0.048,-0.030,0.076,-0.029,-0.015,-0.041,-0.066,-0.000,-0.048,-0.052,0.006,-0.026,-0.034,0.007,-0.002,-0.037,-0.011,0.022,-0.035,-0.020,0.014,-0.037,-0.020,-0.002,-0.042,-0.013,-0.031,-0.039,-0.009,-0.032,-0.036,-0.005,-0.021,-0.031,-0.009,-0.014,-0.030,-0.014,-0.005,-0.030,-0.019,0.006,-0.048,-0.012,0.005,-0.040,-0.009,-0.011,-0.031,-0.004,-0.035,-0.034,-0.011,-0.032,-0.044,-0.016,0.004,-0.037,-0.016,Palm
-0.138,-0.092,0.006,-0.049,-0.076,-0.015,0.018,-0.042,-0.009,0.064,-0.056,-0.026,0.089,-0.026,-0.031,0.060,-0.022,-0.024,-0.006,-0.035,-0.008,-0.047,-0.041,0.001,-0.058,-0.036,0.007,-0.022,-0.041,-0.004,0.022,-0.033,-0.008,0.030,-0.027,-0.014,0.016,-0.020,-0.014,-0.014,-0.025,-0.016,-0.017,-0.019,-0.016,-0.018,-0.024,-0.009,-0.021,-0.019,-0.014,0.009,-0.039,-0.020,0.046,-0.042,-0.015,0.034,-0.026,0.000,0.009,-0.031,0.009,-0.023,-0.024,0.001,-0.027,-0.025,-0.003,0.003,-0.032,-0.010,0.009,-0.028,-0.017,Palm
-0.118,-0.053,-0.003,-0.101,-0.058,-0.010,0.001,-0.050,-0.016,0.041,-0.034,-0.022,0.057,-0.046,-0.029,0.034,-0.038,-0.022,-0.006,-0.043,-0.004,-0.028,-0.053,-0.009,-0.040,-0.044,0.006,-0.021,-0.037,-0.002,0.005,-0.033,-0.013,0.016,-0.041,-0.016,0.005,-0.023,-0.019,-0.010,-0.034,-0.005,-0.027,-0.046,-0.007,-0.033,-0.036,-0.010,-0.020,-0.034,-0.014,-0.013,-0.032,-0.016,0.001,-0.037,-0.014,0.012,-0.042,-0.009,0.009,-0.038,-0.003,-0.024,-0.037,-0.015,-0.023,-0.048,-0.016,0.002,-0.046,-0.007,0.010,-0.043,-0.005,Palm
-0.125,-0.055,0.004,-0.095,-0.061,-0.012,0.012,-0.058,-0.021,0.076,-0.027,-0.014,0.102,-0.035,-0.009,0.034,-0.039,-0.009,-0.021,-0.035,-0.006,-0.058,-0.057,-0.010,-0.053,-0.046,0.002,-0.008,-0.040,-0.000,0.024,-0.031,-0.013,0.032,-0.023,-0.012,0.005,-0.033,-0.015,-0.010,-0.020,-0.010,-0.009,-0.032,-0.003,-0.009,-0.032,-0.009,-0.007,-0.024,-0.011,0.020,-0.034,-0.005,0.023,-0.039,-0.009,0.013,-0.040,-0.007,0.002,-0.033,-0.000,-0.009,-0.038,-0.004,-0.016,-0.025,-0.007,-0.013,-0.029,-0.006,0.005,-0.038,-0.012,Palm
-0.148,-0.086,-0.001,-0.126,-0.077,-0.013,-0.026,-0.040,-0.009,0.063,-0.027,-0.019,0.098,-0.037,-0.027,0.049,-0.064,-0.018,-0.003,-0.062,-0.009,-0.069,-0.056,0.015,-0.073,-0.067,0.013,-0.022,-0.054,0.004,0.025,-0.028,-0.010,0.045,-0.027,-0.016,0.041,-0.036,-0.029,-0.002,-0.020,-0.023,-0.027,-0.012,-0.012,-0.049,-0.012,-0.012,-0.037,-0.031,-0.012,0.007,-0.046,-0.017,0.038,-0.043,-0.008,0.033,-0.027,-0.000,0.006,-0.026,-0.005,-0.023,-0.037,-0.007,-0.030,-0.038,-0.017,-0.013,-0.037,-0.010,0.002,-0.035,-0.007,Palm
-0.264,-0.274,0.221,-0.589,-0.419,0.235,-0.567,-0.301,0.112,-0.253,-0.084,-0.003,0.093,0.001,-0.060,0.208,0.013,-0.053,0.189,0.035,-0.044,0.094,-0.026,0.033,-0.040,-0.130,0.039,-0.122,-0.060,0.055,-0.207,-0.066,0.017,-0.198,-0.036,-0.009,-0.163,0.024,-0.043,-0.114,0.044,-0.051,-0.098,0.011,-0.024,-0.066,-0.053,-0.025,-0.030,-0.095,-0.048,-0.005,-0.064,-0.037,0.009,-0.038,-0.050,0.023,-0.001,-0.057,0.047,0.002,-0.046,0.064,-0.039,-0.065,0.064,-0.038,-0.078,0.052,-0.028,-0.061,0.007,-0.030,-0.047,Wrist
-0.179,-0.120,0.111,-0.213,-0.186,0.041,-0.111,-0.075,0.024,-0.050,-0.097,0.028,0.024,-0.047,-0.015,0.100,0.023,-0.005,0.130,0.016,-0.006,0.031,-0.038,-0.032,-0.060,-0.009,0.000,-0.075,0.014,0.023,-0.070,0.006,-0.005,-0.053,-0.016,-0.029,-0.018,0.000,-0.026,-0.002,-0.003,-0.024,-0.015,-0.009,-0.011,-0.027,-0.039,0.007,0.003,-0.012,-0.005,-0.027,-0.027,-0.001,0.007,-0.051,0.003,0.067,-0.008,-0.017,0.050,-0.000,-0.009,0.008,-0.036,-0.015,0.029,-0.028,-0.013,0.042,0.027,-0.018,0.016,-0.015,-0.009,Wrist
-0.198,-0.198,-0.016,-0.015,0.075,-0.051,0.104,-0.011,0.003,0.105,-0.060,-0.036,0.054,-0.017,-0.020,0.007,-0.038,0.023,-0.051,-0.088,0.032,-0.100,-0.074,0.011,-0.081,-0.044,0.014,-0.046,-0.051,-0.022,-0.022,-0.019,-0.029,-0.026,-0.032,-0.015,0.005,-0.070,-0.015,0.017,-0.063,-0.016,-0.004,-0.059,-0.013,0.020,-0.028,-0.008,0.025,-0.021,-0.023,-0.041,-0.071,-0.023,-0.066,-0.050,0.011,-0.018,-0.030,-0.008,-0.013,-0.049,-0.022,-0.024,-0.039,-0.022,0.005,-0.057,-0.004,0.012,-0.055,-0.038,0.005,-0.030,-0.024,Wrist
-0.184,-0.064,0.101,-0.257,-0.141,0.038,-0.166,-0.044,-0.013,-0.024,-0.024,0.005,0.094,-0.040,-0.036,0.161,-0.025,-0.038,0.203,-0.019,-0.050,0.085,-0.022,-0.007,-0.036,-0.038,0.010,-0.070,-0.021,0.010,-0.063,-0.020,0.002,-0.073,-0.045,-0.009,-0.074,0.002,0.013,-0.064,-0.032,0.027,-0.044,-0.068,0.019,-0.002,-0.064,0.018,0.024,-0.044,0.001,0.048,-0.030,-0.020,0.048,-0.023,-0.028,0.030,-0.023,-0.024,0.009,-0.028,-0.014,-0.008,-0.027,-0.033,0.029,-0.041,-0.037,0.054,-0.017,-0.059,0.030,0.020,-0.079,Wrist
-0.148,-0.088,0.094,-0.206,-0.162,0.008,-0.103,-0.022,-0.028,0.024,-0.010,0.010,0.084,-0.053,-0.049,0.186,0.020,-0.030,0.233,-0.017,-0.015,0.126,-0.060,-0.036,0.018,0.003,-0.007,-0.041,-0.031,0.005,-0.070,-0.032,-0.003,-0.058,-0.022,-0.007,-0.016,-0.037,-0.008,0.003,-0.038,-0.017,0.021,-0.040,-0.016,0.037,-0.042,-0.008,0.037,-0.037,-0.008,0.059,-0.045,-0.031,0.072,-0.038,-0.040,0.042,-0.032,-0.035,-0.011,-0.027,-0.027,-0.056,-0.028,0.009,-0.025,-0.046,0.009,-0.009,-0.064,-0.016,0.012,-0.049,-0.015,Wrist
-0.215,-0.121,-0.001,-0.103,-0.004,0.002,-0.036,-0.029,0.026,0.085,-0.008,-0.063,0.196,0.057,-0.024,0.220,-0.027,-0.016,0.123,-0.009,-0.035,0.003,0.025,-0.013,-0.074,-0.023,0.020,-0.098,-0.033,0.013,-0.091,-0.006,0.001,-0.086,-0.024,0.013,-0.030,-0.035,0.009,0.005,-0.047,0.016,0.038,-0.060,-0.002,0.052,-0.046,-0.017,0.035,-0.035,-0.006,-0.023,-0.046,0.018,-0.024,-0.073,-0.004,-0.013,-0.034,-0.011,-0.012,-0.023,-0.011,-0.011,-0.026,-0.020,-0.003,-0.036,-0.010,0.001,-0.044,0.001,0.003,-0.053,-0.000,Wrist
-0.369,-0.162,0.107,-0.342,-0.123,0.011,-0.210,-0.009,-0.011,0.021,0.047,-0.005,0.178,-0.013,-0.026,0.350,-0.003,-0.041,0.299,-0.034,-0.056,0.090,-0.016,-0.027,-0.044,-0.010,0.004,-0.162,-0.034,0.026,-0.157,-0.024,-0.012,-0.107,-0.013,-0.027,0.008,-0.026,-0.023,0.095,-0.038,-0.043,0.121,-0.019,-0.035,0.103,-0.037,-0.015,0.060,-0.072,-0.017,0.031,-0.027,-0.025,0.008,-0.018,-0.016,-0.013,-0.042,-0.010,-0.011,-0.063,-0.024,-0.021,-0.041,-0.018,-0.028,-0.040,-0.001,-0.028,-0.048,-0.006,0.006,-0.035,-0.015,Wrist
-0.322,-0.243,0.108,-0.211,-0.050,-0.020,-0.100,-0.031,-0.034,0.073,-0.014,-0.022,0.232,-0.001,-0.039,0.297,-0.005,-0.037,0.151,-0.059,-0.040,-0.010,-0.024,-0.017,-0.062,-0.007,0.012,-0.069,-0.041,0.009,-0.048,-0.035,-0.017,-0.014,-0.025,-0.006,0.024,-0.041,-0.008,0.044,-0.049,-0.017,0.013,-0.033,-0.032,0.010,-0.025,-0.005,0.038,-0.023,-0.006,0.032,-0.054,-0.037,0.053,-0.031,-0.025,0.026,-0.013,-0.005,-0.038,-0.053,-0.010,-0.035,-0.029,-0.008,0.027,-0.024,0.009,0.033,-0.051,-0.014,0.046,-0.030,-0.030,Wrist
-0.207,-0.136,0.094,-0.238,-0.139,0.011,-0.170,-0.040,-0.033,-0.041,-0.006,-0.011,0.086,-0.041,-0.042,0.155,-0.014,-0.058,0.203,0.027,-0.023,0.123,-0.041,-0.030,-0.022,-0.020,-0.027,-0.053,0.014,-0.010,-0.057,-0.027,-0.004,-0.073,-0.025,-0.029,-0.052,-0.010,-0.017,-0.020,-0.016,-0.018,-0.003,-0.041,-0.038,0.021,-0.003,-0.012,0.017,-0.040,-0.016,0.005,-0.030,-0.028,0.010,-0.003,0.000,-0.036,-0.061,-0.031,-0.047,-0.035,-0.023,-0.006,-0.019,0.010,-0.005,-0.041,-0.028,-0.000,-0.032,-0.010,0.041,-0.038,0.008,Wrist
-0.437,-0.335,0.125,-0.286,-0.066,-0.025,-0.089,-0.021,0.002,0.079,-0.032,-0.006,0.228,-0.046,-0.055,0.302,-0.013,-0.037,0.274,-0.021,-0.040,0.114,-0.022,-0.040,-0.021,-0.013,0.002,-0.036,-0.023,-0.005,-0.026,-0.017,-0.027,-0.022,-0.022,-0.028,-0.009,-0.044,-0.034,0.002,-0.020,-0.021,-0.011,-0.036,-0.017,-0.013,-0.045,-0.013,-0.013,-0.035,-0.010,0.015,-0.062,-0.008,0.035,-0.045,-0.030,-0.020,-0.031,-0.039,0.011,-0.026,-0.014,0.063,-0.029,-0.026,0.031,-0.021,-0.034,-0.031,-0.049,-0.026,-0.018,-0.040,-0.026,Wrist
-0.113,-0.064,0.071,-0.224,-0.157,0.078,-0.177,-0.077,-0.004,-0.114,-0.013,0.013,0.014,-0.047,-0.023,0.144,-0.036,-0.056,0.205,0.007,-0.030,0.153,-0.017,-0.009,0.039,-0.038,-0.032,-0.038,-0.010,-0.009,-0.067,-0.019,-0.002,-0.088,-0.036,-0.021,-0.050,-0.019,-0.009,0.006,-0.019,-0.032,0.006,-0.035,-0.044,0.033,-0.036,-0.009,0.043,-0.035,-0.024,0.018,-0.050,-0.034,-0.009,-0.030,-0.031,-0.011,-0.019,-0.021,-0.036,-0.023,-0.017,-0.018,-0.039,-0.000,0.011,-0.039,-0.013,0.004,-0.028,-0.022,0.009,-0.036,-0.008,Wrist
-0.271,-0.191,0.085,-0.155,-0.044,-0.020,-0.028,0.017,-0.005,0.082,-0.002,-0.033,0.191,-0.003,-0.068,0.217,0.013,-0.010,0.065,-0.023,-0.009,-0.049,-0.018,0.021,-0.116,-0.050,0.036,-0.111,-0.046,0.017,-0.094,-0.009,0.005,-0.059,-0.005,-0.015,-0.004,-0.029,0.012,-0.014,-0.051,0.004,-0.015,-0.034,0.010,-0.023,-0.033,0.014,-0.037,-0.038,0.007,-0.024,-0.028,-0.002,-0.025,-0.041,-0.012,-0.030,-0.040,-0.005,-0.015,-0.030,-0.009,0.008,-0.031,-0.013,0.010,-0.034,-0.018,0.033,-0.038,-0.009,0.004,-0.036,-0.014,Wrist
-0.480,-0.281,0.191,-0.363,-0.117,0.023,-0.210,-0.019,-0.053,0.057,0.056,-0.028,0.265,-0.024,-0.056,0.337,-0.017,-0.091,0.331,0.031,-0.041,0.134,-0.035,-0.015,-0.066,-0.052,-0.002,-0.111,-0.008,-0.004,-0.102,-0.012,-0.005,-0.088,-0.012,-0.014,-0.016,-0.048,-0.018,0.036,-0.054,-0.024,0.052,-0.041,-0.032,-0.000,-0.021,-0.017,-0.054,-0.021,0.009,-0.060,-0.042,0.005,-0.040,-0.050,-0.008,-0.009,-0.031,-0.027,0.012,-0.024,-0.028,0.049,-0.031,-0.033,0.073,-0.022,-0.039,0.067,-0.005,-0.019,0.065,-0.051,-0.015,Wrist
-0.234,-0.105,0.026,-0.187,-0.057,0.003,-0.056,-0.035,-0.024,0.118,-0.005,-0.060,0.212,0.002,-0.041,0.194,-0.034,-0.059,0.048,-0.017,-0.028,-0.058,-0.011,-0.005,-0.094,-0.022,0.009,-0.072,-0.008,-0.012,-0.050,-0.021,-0.031,-0.024,-0.026,-0.029,0.011,-0.027,-0.013,0.027,-0.028,-0.008,0.010,-0.015,-0.002,-0.005,-0.036,-0.005,-0.020,-0.045,-0.021,-0.031,-0.031,-0.015,-0.031,-0.032,-0.011,-0.046,-0.049,-0.019,-0.013,-0.040,-0.005,0.058,-0.007,-0.016,0.065,-0.006,-0.051,0.077,-0.041,-0.074,0.074,0.001,-0.031,Wrist
0.150,-0.247,0.053,-0.053,-0.318,0.041,-0.164,-0.113,0.006,-0.114,0.028,-0.022,-0.017,0.025,-0.032,0.118,0.013,-0.041,0.155,0.020,-0.042,0.167,-0.030,-0.020,0.142,-0.065,0.005,0.055,-0.098,-0.029,-0.084,-0.009,-0.041,-0.148,0.084,-0.044,-0.147,0.103,-0.032,-0.091,0.082,-0.018,-0.062,-0.027,-0.024,-0.058,-0.086,-0.015,-0.084,-0.097,-0.026,-0.050,-0.049,-0.012,-0.004,-0.067,-0.020,0.049,-0.099,-0.030,0.086,-0.085,-0.020,0.079,-0.059,-0.021,0.047,-0.029,-0.039,0.013,-0.009,-0.034,0.004,-0.006,-0.006,Forearm
-0.010,-0.118,0.042,-0.118,-0.204,-0.013,-0.114,0.012,-0.028,-0.078,0.040,-0.001,0.027,0.040,0.002,0.126,-0.027,-0.031,0.162,-0.045,-0.003,0.110,-0.019,-0.017,0.060,0.036,-0.019,0.011,-0.015,-0.004,-0.026,-0.072,0.002,-0.027,-0.060,-0.012,-0.025,-0.037,-0.019,-0.039,-0.032,-0.031,-0.002,-0.016,-0.016,0.034,-0.041,-0.005,0.023,-0.075,-0.020,0.026,-0.052,-0.007,0.060,-0.073,-0.003,0.145,-0.085,-0.017,0.191,-0.058,-0.023,0.165,-0.024,-0.019,0.067,-0.052,0.002,0.007,-0.105,-0.007,-0.016,-0.057,-0.020,Forearm
0.010,-0.232,0.053,-0.078,-0.147,-0.001,-0.081,-0.057,-0.022,0.007,-0.038,-0.031,0.057,0.016,-0.049,0.120,0.046,-0.037,0.147,-0.049,-0.015,0.076,-0.055,-0.028,-0.010,-0.001,-0.014,-0.036,-0.027,0.002,-0.023,-0.039,-0.016,-0.050,-0.016,-0.022,-0.054,-0.026,-0.019,0.028,-0.032,-0.013,0.064,-0.032,-0.027,0.040,-0.066,-0.034,0.013,-0.050,-0.031,0.002,-0.012,-0.012,-0.013,-0.025,-0.020,-0.017,-0.048,-0.020,0.012,-0.048,-0.002,0.019,-0.082,-0.042,0.021,-0.044,-0.049,0.017,-0.045,-0.038,0.028,-0.080,-0.022,Forearm
-0.059,-0.311,0.065,-0.155,-0.221,-0.005,-0.105,-0.025,-0.041,-0.014,0.013,-0.016,0.061,0.018,0.002,0.122,-0.001,-0.059,0.114,0.005,-0.022,0.082,-0.020,-0.030,0.065,-0.024,-0.029,0.013,-0.009,-0.019,-0.013,0.004,-0.009,-0.025,-0.048,-0.023,-0.016,-0.042,-0.013,0.002,-0.050,-0.011,-0.012,-0.035,-0.023,-0.012,-0.036,0.001,0.010,-0.061,-0.002,0.002,-0.052,-0.021,-0.004,-0.057,-0.010,-0.009,-0.065,-0.018,-0.010,-0.056,-0.019,-0.015,-0.028,-0.008,-0.017,-0.046,-0.020,0.033,-0.035,-0.029,0.034,-0.045,-0.036,Forearm
-0.208,-0.222,0.064,-0.206,-0.089,-0.013,-0.086,-0.019,-0.031,0.013,-0.036,-0.034,0.096,-0.019,-0.049,0.161,0.026,-0.027,0.155,-0.030,-0.008,0.073,-0.051,-0.027,0.011,-0.014,-0.012,-0.027,-0.038,0.001,-0.040,-0.044,-0.023,-0.033,-0.019,-0.027,-0.005,-0.015,-0.009,0.003,-0.042,-0.021,-0.001,-0.042,-0.031,0.030,-0.028,-0.015,0.027,-0.045,-0.030,0.042,-0.012,-0.019,0.049,-0.042,-0.014,0.030,-0.074,-0.031,0.023,-0.011,-0.042,0.033,0.017,-0.018,0.029,-0.027,-0.042,0.047,-0.036,-0.040,0.064,-0.032,-0.031,Forearm
-0.135,-0.192,0.091,-0.195,-0.185,0.038,-0.155,-0.038,-0.039,-0.086,0.023,-0.014,0.020,-0.035,0.006,0.086,-0.045,-0.006,0.139,-0.029,-0.002,0.155,-0.082,0.006,0.098,-0.049,-0.034,0.029,0.030,-0.010,-0.024,-0.048,-0.007,-0.047,-0.058,-0.020,-0.053,-0.038,-0.016,-0.049,-0.040,0.001,-0.039,-0.068,-0.004,-0.026,-0.054,-0.031,0.022,-0.020,-0.010,0.054,-0.046,-0.016,0.047,-0.047,-0.031,0.049,-0.003,-0.012,0.047,-0.070,-0.007,0.037,-0.059,-0.023,0.021,-0.001,-0.003,-0.009,-0.029,-0.015,-0.030,-0.056,-0.008,Forearm
-0.227,-0.200,0.068,-0.239,-0.084,0.012,-0.144,-0.035,-0.027,-0.035,-0.011,-0.033,0.089,-0.002,-0.049,0.156,-0.005,-0.043,0.169,-0.023,-0.031,0.093,-0.032,-0.025,0.017,-0.020,-0.024,-0.016,-0.024,-0.013,-0.026,-0.022,-0.027,-0.027,-0.016,-0.022,-0.030,-0.043,-0.013,-0.023,-0.060,-0.016,-0.021,-0.046,-0.005,-0.018,-0.040,0.000,-0.000,-0.057,0.006,-0.002,-0.065,-0.013,0.008,-0.019,-0.014,0.004,-0.044,0.002,-0.001,-0.062,-0.019,0.009,-0.026,-0.011,0.002,-0.038,-0.004,-0.011,-0.033,-0.013,-0.005,-0.017,0.002,Forearm
-0.113,-0.016,0.061,-0.245,-0.110,0.031,-0.163,-0.056,-0.048,-0.079,0.029,-0.038,0.005,-0.001,-0.020,0.073,-0.033,-0.041,0.088,-0.020,-0.015,0.043,-0.020,-0.021,0.003,-0.000,-0.010,-0.024,-0.026,-0.008,-0.034,-0.028,-0.022,-0.048,-0.033,-0.014,-0.028,-0.043,-0.001,-0.022,-0.058,-0.015,-0.021,-0.045,-0.008,-0.027,-0.032,-0.006,-0.039,-0.037,0.000,-0.046,-0.062,-0.013,-0.024,-0.057,-0.017,0.009,-0.024,-0.004,-0.019,-0.048,-0.005,-0.048,-0.038,-0.005,-0.049,-0.049,0.012,-0.029,-0.059,-0.007,-0.005,-0.034,-0.003,Forearm
-0.182,-0.057,0.110,-0.310,-0.189,0.042,-0.259,-0.057,-0.023,-0.098,0.018,-0.030,0.074,-0.017,-0.033,0.184,-0.011,-0.018,0.194,-0.030,-0.037,0.173,-0.010,-0.002,0.068,-0.026,-0.011,0.016,-0.019,0.002,-0.013,-0.030,0.002,-0.055,-0.029,-0.006,-0.055,-0.035,-0.002,-0.038,-0.055,0.009,-0.056,-0.060,-0.011,-0.013,-0.016,0.006,0.019,-0.039,0.008,0.017,-0.069,-0.003,0.002,-0.056,-0.019,-0.002,-0.009,0.006,0.003,-0.048,0.013,-0.014,-0.085,0.002,-0.032,-0.057,-0.008,-0.012,-0.057,0.016,-0.001,-0.062,0.001,Forearm
-0.188,-0.174,0.017,-0.091,-0.037,-0.068,0.002,0.028,-0.021,0.110,-0.023,-0.004,0.123,-0.057,-0.050,0.112,-0.007,-0.020,0.055,-0.031,-0.011,0.007,-0.043,-0.011,-0.005,-0.017,-0.015,0.010,-0.011,-0.024,0.030,-0.042,-0.024,0.014,-0.054,-0.027,-0.024,-0.025,-0.024,-0.032,-0.031,0.000,-0.041,-0.060,-0.027,-0.031,-0.030,-0.011,0.005,-0.035,-0.007,0.013,-0.053,-0.032,0.005,-0.036,-0.034,0.035,-0.030,-0.013,0.030,-0.052,-0.026,-0.008,-0.034,-0.023,-0.015,-0.027,-0.013,-0.005,-0.039,-0.002,0.001,-0.039,-0.013,Forearm
-0.208,-0.162,0.005,-0.171,-0.037,-0.042,-0.095,0.005,-0.024,0.031,-0.013,-0.038,0.128,-0.023,-0.051,0.171,-0.002,-0.033,0.104,-0.041,-0.019,0.013,-0.042,-0.040,0.012,-0.014,-0.011,0.012,-0.039,-0.012,0.021,-0.025,-0.030,0.029,-0.018,-0.034,0.032,-0.040,-0.018,0.043,-0.065,-0.023,0.044,-0.048,-0.031,-0.002,-0.028,-0.027,-0.024,-0.038,-0.021,-0.037,-0.040,-0.024,-0.019,-0.032,-0.024,0.005,-0.032,-0.028,0.024,-0.031,-0.024,0.037,-0.025,-0.006,0.037,-0.036,-0.009,0.035,-0.027,-0.014,0.031,-0.038,-0.012,Forearm
-0.155,-0.169,0.009,-0.122,-0.014,-0.010,-0.056,-0.027,0.022,0.016,-0.042,-0.019,0.083,-0.002,-0.041,0.128,0.010,0.004,0.087,-0.055,-0.016,0.038,-0.019,-0.021,-0.023,0.005,0.002,-0.027,-0.031,-0.004,-0.021,-0.037,-0.016,-0.024,-0.022,-0.008,-0.056,-0.032,0.013,-0.097,-0.027,0.011,-0.082,-0.037,0.038,-0.064,-0.060,0.024,-0.049,-0.031,0.024,-0.019,-0.023,0.015,-0.018,-0.049,-0.005,-0.017,-0.025,-0.004,-0.014,-0.029,0.015,-0.016,-0.049,-0.003,0.006,-0.032,-0.002,0.030,-0.038,0.002,0.002,-0.047,-0.016,Forearm
-0.087,-0.146,0.026,-0.101,-0.074,-0.051,-0.034,0.022,-0.036,0.032,-0.024,-0.012,0.082,-0.024,-0.042,0.117,0.001,-0.014,0.067,-0.054,-0.009,0.002,-0.051,-0.019,-0.033,-0.020,-0.013,-0.038,-0.012,-0.007,-0.032,-0.043,-0.016,-0.033,-0.029,-0.023,-0.023,-0.018,-0.005,-0.027,-0.047,-0.002,-0.016,-0.052,-0.011,0.001,-0.036,0.000,-0.003,-0.053,-0.019,0.006,-0.016,-0.018,0.018,-0.027,-0.020,0.036,-0.028,-0.035,0.032,-0.027,-0.010,-0.005,-0.060,-0.003,-0.018,-0.038,0.002,-0.023,-0.035,-0.002,-0.027,-0.040,-0.015,Forearm
-0.165,-0.257,0.130,-0.172,-0.172,-0.053,-0.076,0.056,-0.044,-0.001,0.000,0.012,0.094,-0.054,-0.024,0.121,-0.015,-0.018,0.083,-0.036,-0.019,0.031,-0.053,-0.024,-0.033,-0.048,-0.022,-0.063,-0.019,-0.003,-0.053,-0.038,-0.014,-0.054,-0.040,-0.017,-0.037,-0.040,-0.013,-0.010,-0.040,-0.019,-0.010,-0.039,-0.006,0.009,-0.036,-0.010,-0.011,-0.028,-0.011,-0.021,-0.037,0.003,-0.027,-0.053,0.000,-0.035,-0.038,-0.003,-0.049,-0.037,0.005,-0.040,-0.041,0.002,-0.010,-0.028,-0.003,-0.019,-0.033,0.010,0.003,-0.049,-0.003,Forearm
-0.280,-0.211,0.048,-0.209,-0.047,-0.028,-0.102,0.002,-0.057,0.039,0.008,-0.041,0.155,-0.024,-0.027,0.175,-0.048,-0.011,0.072,-0.045,-0.001,-0.027,-0.008,-0.005,-0.071,-0.027,0.013,-0.066,-0.039,-0.009,-0.055,-0.024,-0.028,-0.034,-0.026,-0.015,-0.021,-0.056,-0.007,-0.014,-0.052,-0.014,-0.014,-0.029,-0.002,0.023,-0.034,-0.005,0.034,-0.030,-0.029,0.041,-0.017,-0.017,0.020,-0.049,-0.021,-0.002,-0.045,-0.018,-0.000,-0.032,0.005,-0.002,-0.060,-0.012,0.014,-0.048,-0.042,0.031,-0.007,-0.012,0.024,-0.045,-0.023,Forearm
-0.204,-0.228,0.068,-0.158,-0.055,-0.037,-0.095,0.021,-0.026,-0.005,-0.008,-0.012,0.073,-0.042,-0.057,0.122,0.021,-0.014,0.116,-0.025,-0.018,0.070,-0.025,-0.019,-0.003,-0.020,-0.015,-0.048,-0.022,0.010,-0.101,-0.033,0.005,-0.103,-0.041,0.002,-0.064,-0.047,0.001,-0.032,-0.037,-0.001,0.012,-0.046,-0.001,0.026,-0.070,-0.019,0.043,-0.021,-0.013,0.057,-0.030,-0.003,0.044,-0.057,-0.019,0.029,-0.037,-0.040,0.018,-0.019,-0.019,-0.011,-0.052,-0.025,-0.020,-0.060,-0.018,-0.001,-0.046,-0.013,0.004,-0.033,-0.030,Forearm
-0.159,-0.144,0.071,-0.169,-0.058,-0.024,-0.096,-0.012,-0.039,-0.015,-0.009,-0.032,0.099,-0.015,-0.069,0.153,-0.006,-0.013,0.132,-0.077,-0.023,0.063,-0.061,-0.021,-0.004,-0.040,-0.049,-0.033,-0.007,-0.014,-0.037,-0.035,-0.011,-0.072,-0.029,-0.019,-0.090,-0.028,-0.002,-0.095,-0.037,0.005,-0.082,-0.046,-0.002,-0.034,-0.025,-0.011,-0.008,-0.028,-0.011,0.012,-0.044,-0.013,0.021,-0.046,-0.022,0.017,-0.021,-0.011,0.023,-0.022,-0.007,0.025,-0.040,-0.016,0.026,-0.028,-0.019,0.011,-0.044,-0.013,-0.002,-0.059,-0.019,Forearm
-0.283,-0.099,0.025,-0.184,-0.035,-0.018,-0.069,-0.034,-0.010,0.080,-0.006,-0.038,0.135,-0.008,-0.038,0.167,-0.008,-0.009,0.126,-0.035,-0.005,0.044,-0.048,-0.016,-0.045,-0.017,-0.020,-0.072,0.002,-0.003,-0.090,-0.035,-0.020,-0.087,-0.032,-0.024,-0.056,-0.029,0.002,-0.036,-0.039,-0.008,-0.008,-0.019,-0.010,0.005,-0.028,-0.014,0.018,-0.028,-0.018,0.007,-0.028,-0.020,-0.008,-0.032,-0.020,0.004,-0.037,-0.035,0.016,-0.016,-0.020,-0.015,-0.024,-0.015,-0.038,-0.021,-0.009,-0.046,-0.033,0.001,-0.054,-0.030,0.002,Forearm
-0.124,-0.125,0.150,-0.258,-0.169,0.010,-0.188,-0.028,-0.042,-0.057,-0.001,-0.018,0.071,-0.005,-0.047,0.120,-0.005,-0.045,0.152,-0.026,-0.026,0.107,-0.060,-0.017,0.016,-0.032,-0.030,-0.010,0.007,-0.006,0.005,-0.020,-0.029,-0.008,-0.012,-0.030,-0.020,-0.034,-0.013,-0.029,-0.059,-0.009,-0.048,-0.053,-0.021,-0.037,-0.015,-0.002,-0.019,-0.040,0.008,0.002,-0.065,-0.028,0.024,-0.006,-0.035,0.022,-0.011,-0.015,0.007,-0.042,-0.016,0.018,-0.041,-0.009,0.022,-0.033,-0.018,0.014,-0.038,-0.008,0.018,-0.035,-0.011,Forearm
-0.145,-0.126,-0.026,-0.068,0.002,-0.034,-0.028,-0.017,0.016,0.056,-0.024,-0.034,0.097,0.001,-0.026,0.071,-0.050,-0.006,0.023,-0.035,-0.028,-0.046,-0.020,-0.016,-0.032,-0.025,-0.017,0.014,-0.040,-0.038,0.028,-0.026,-0.031,-0.004,-0.033,-0.018,-0.055,-0.041,-0.009,-0.060,-0.028,0.010,-0.055,-0.048,-0.007,-0.028,-0.037,-0.025,0.007,-0.042,-0.023,0.026,-0.041,-0.025,0.010,-0.025,-0.030,0.004,-0.034,-0.010,0.012,-0.032,-0.017,0.027,-0.023,-0.012,0.039,-0.042,-0.004,0.001,-0.047,-0.020,-0.029,-0.043,-0.016,Forearm
-0.267,-0.215,0.042,-0.187,-0.057,-0.032,-0.076,-0.015,-0.036,0.085,0.010,-0.048,0.157,-0.006,-0.047,0.163,-0.019,-0.036,0.075,-0.047,-0.013,-0.000,-0.017,-0.027,-0.008,0.009,-0.020,-0.001,-0.023,-0.010,-0.002,-0.051,-0.039,-0.033,-0.031,-0.026,-0.052,-0.021,-0.029,-0.051,-0.024,-0.015,-0.022,-0.035,-0.009,0.006,-0.017,-0.027,0.028,-0.026,-0.015,0.049,-0.044,-0.023,0.024,-0.027,-0.021,-0.012,-0.037,-0.003,-0.020,-0.032,-0.001,-0.013,-0.026,0.005,-0.017,-0.015,-0.008,-0.009,-0.029,0.007,0.006,-0.044,0.002,Forearm
-0.198,-0.172,0.089,-0.177,-0.095,-0.054,-0.054,0.048,-0.071,0.047,0.010,-0.007,0.125,-0.062,-0.015,0.108,-0.050,-0.041,0.021,0.003,-0.014,-0.044,-0.022,-0.011,-0.072,-0.053,-0.006,-0.059,-0.039,-0.020,-0.009,-0.021,-0.017,0.014,-0.043,-0.021,0.028,-0.042,-0.009,0.017,-0.048,-0.009,0.038,-0.030,-0.001,0.053,-0.031,-0.001,0.042,-0.032,-0.034,0.021,-0.017,-0.018,-0.014,-0.040,-0.007,-0.057,-0.054,-0.002,-0.042,-0.043,0.010,-0.011,-0.044,0.007,-0.010,-0.036,-0.027,0.019,-0.018,-0.009,0.044,-0.034,0.006,Forearm
-0.153,-0.136,-0.001,-0.105,-0.021,-0.036,-0.034,-0.006,-0.028,0.041,-0.006,-0.020,0.089,-0.023,-0.015,0.082,-0.039,-0.022,0.008,-0.051,-0.011,-0.034,-0.043,-0.024,-0.039,-0.012,-0.011,-0.018,-0.013,-0.011,-0.019,-0.048,-0.016,-0.017,-0.053,-0.009,-0.024,-0.051,0.002,-0.010,-0.044,-0.003,0.008,-0.042,-0.004,0.020,-0.045,-0.026,0.024,-0.017,-0.013,-0.000,-0.035,-0.007,-0.038,-0.045,0.000,-0.070,-0.040,0.007,-0.073,-0.017,0.013,-0.043,-0.035,0.012,0.012,-0.058,-0.005,0.032,-0.037,-0.022,0.029,-0.035,0.006,Forearm
-0.080,-0.076,0.086,-0.081,-0.082,-0.064,-0.016,0.065,-0.064,0.036,0.008,0.015,0.093,-0.065,-0.002,0.058,-0.049,-0.049,0.005,0.002,-0.006,-0.032,-0.028,-0.006,-0.027,-0.029,-0.016,-0.017,-0.003,-0.018,0.018,-0.013,-0.017,0.027,-0.036,-0.027,0.001,-0.030,-0.019,-0.012,-0.014,0.013,-0.001,-0.038,0.002,-0.019,-0.039,-0.007,-0.014,-0.027,0.015,-0.008,-0.056,0.008,-0.033,-0.045,-0.028,-0.025,-0.011,0.009,0.013,-0.041,0.005,0.033,-0.035,-0.008,0.025,-0.029,-0.002,0.030,-0.047,-0.002,0.043,-0.034,-0.008,Forearm
-0.162,-0.127,0.107,-0.159,-0.117,-0.009,-0.068,-0.034,-0.064,0.014,0.006,-0.052,0.108,0.012,-0.047,0.070,-0.004,0.019,0.055,-0.052,-0.005,0.019,-0.029,-0.016,-0.007,-0.007,-0.013,-0.005,-0.010,-0.027,-0.005,-0.037,-0.035,-0.004,-0.022,-0.022,-0.006,-0.032,0.003,-0.006,-0.039,-0.008,0.027,-0.036,-0.005,0.059,-0.036,-0.010,0.064,-0.053,-0.031,0.049,-0.038,-0.026,0.020,-0.050,-0.015,-0.023,-0.039,-0.027,-0.023,-0.003,-0.008,-0.005,-0.034,-0.008,0.007,-0.036,-0.025,0.003,-0.006,-0.014,-0.005,-0.032,0.005,Forearm
-0.202,-0.173,0.044,-0.114,-0.052,-0.068,-0.031,0.009,-0.065,0.067,0.002,-0.010,0.107,-0.039,-0.035,0.066,-0.024,-0.042,0.014,0.001,-0.004,-0.015,-0.034,-0.020,-0.037,-0.018,-0.013,-0.035,-0.005,-0.014,-0.013,-0.023,-0.014,-0.024,-0.043,-0.017,-0.020,-0.034,-0.003,-0.017,-0.036,-0.000,-0.001,-0.046,-0.020,0.007,-0.004,-0.010,-0.009,-0.034,-0.009,-0.030,-0.042,-0.017,-0.015,-0.029,-0.013,-0.012,-0.042,-0.031,-0.008,-0.012,-0.044,0.011,0.001,-0.003,-0.013,-0.029,-0.003,-0.055,-0.041,-0.007,-0.049,-0.031,0.003,Forearm
0.004,-0.064,0.089,-0.127,-0.109,0.004,-0.075,-0.043,-0.010,-0.052,-0.042,-0.005,-0.003,-0.020,-0.023,0.023,-0.025,-0.022,0.007,-0.011,0.016,-0.001,-0.023,-0.009,-0.011,-0.024,-0.009,-0.014,-0.012,-0.003,-0.005,-0.013,-0.011,0.005,-0.025,-0.002,-0.014,-0.037,0.002,-0.048,-0.038,-0.001,-0.027,-0.028,0.019,-0.008,-0.033,0.003,-0.017,-0.030,-0.016,-0.009,-0.039,0.016,0.003,-0.059,0.005,0.003,-0.043,-0.014,-0.017,-0.048,0.002,0.003,-0.055,-0.005,0.003,-0.054,-0.010,-0.012,-0.035,-0.009,0.005,-0.051,-0.014,Forearm
-0.143,-0.105,0.121,-0.143,-0.109,-0.057,-0.060,0.015,-0.043,-0.024,-0.015,0.049,0.069,-0.076,-0.049,0.055,-0.021,-0.034,0.026,0.002,0.003,0.020,-0.021,-0.013,0.016,-0.013,-0.029,0.016,-0.005,-0.023,-0.002,-0.039,-0.030,-0.028,-0.043,-0.023,-0.043,-0.028,-0.013,-0.030,-0.043,0.006,-0.009,-0.058,-0.002,0.009,-0.032,-0.033,0.016,-0.005,-0.005,0.017,-0.056,-0.035,0.027,-0.020,-0.022,0.009,-0.017,-0.002,-0.020,-0.052,-0.012,-0.018,-0.051,-0.001,-0.001,-0.047,-0.008,-0.009,-0.025,-0.027,-0.008,-0.031,0.005,Forearm
-0.166,-0.203,0.160,-0.204,-0.186,-0.025,-0.061,0.021,-0.058,0.070,0.006,-0.017,0.141,-0.035,-0.031,0.147,-0.030,-0.028,0.094,-0.040,-0.018,-0.009,-0.031,-0.015,-0.052,-0.010,-0.018,-0.024,0.002,-0.019,0.005,-0.028,-0.029,-0.002,-0.050,-0.013,-0.055,-0.054,0.012,-0.087,-0.031,0.021,-0.064,-0.025,0.032,-0.022,-0.052,0.001,0.022,-0.043,-0.014,0.041,-0.061,-0.013,0.041,-0.064,-0.023,0.023,-0.049,-0.029,0.020,-0.001,-0.013,0.039,-0.021,-0.005,0.045,-0.043,-0.024,0.026,-0.028,-0.022,-0.008,-0.049,-0.017,Forearm
-0.243,-0.231,0.064,-0.114,-0.060,-0.074,0.013,0.000,-0.054,0.103,0.020,-0.042,0.144,0.012,-0.038,0.136,0.000,-0.036,0.048,-0.019,-0.027,-0.009,-0.022,-0.045,-0.047,0.003,-0.033,-0.038,0.008,-0.018,-0.021,-0.035,-0.018,-0.018,-0.051,-0.023,-0.011,-0.029,-0.024,0.014,-0.023,-0.008,0.019,-0.045,-0.011,0.023,-0.031,-0.021,0.005,-0.028,-0.021,-0.023,-0.050,-0.027,-0.033,-0.013,-0.010,-0.044,-0.026,0.005,-0.030,-0.045,-0.011,-0.000,-0.025,-0.002,0.035,-0.029,0.007,0.034,-0.049,-0.029,0.033,-0.018,-0.005,Forearm
-0.269,-0.195,0.082,-0.198,-0.056,-0.031,-0.119,-0.002,-0.040,0.045,0.009,-0.016,0.120,-0.020,-0.028,0.156,-0.026,-0.012,0.125,-0.042,-0.020,-0.012,-0.016,-0.012,-0.066,-0.015,-0.010,-0.063,-0.013,-0.016,-0.056,-0.001,-0.021,-0.063,-0.018,-0.010,-0.060,-0.038,-0.010,-0.015,-0.035,-0.002,0.027,-0.040,-0.008,0.018,-0.043,-0.005,-0.019,-0.053,0.010,-0.049,-0.042,0.004,-0.057,-0.041,0.007,-0.047,-0.054,-0.004,-0.019,-0.039,-0.012,0.018,-0.033,-0.020,0.028,-0.049,-0.019,0.031,-0.042,-0.013,0.038,-0.037,-0.011,Forearm
-0.202,-0.187,0.065,-0.151,-0.064,-0.030,-0.037,-0.028,-0.024,0.059,-0.017,-0.042,0.110,-0.009,-0.055,0.126,-0.013,-0.020,0.046,-0.053,-0.008,-0.041,-0.044,-0.038,-0.071,-0.004,0.002,-0.049,-0.016,-0.011,-0.037,-0.009,-0.038,-0.018,0.002,-0.028,-0.009,-0.010,-0.007,-0.020,-0.042,-0.012,-0.012,-0.027,-0.001,0.006,-0.028,-0.004,0.002,-0.042,-0.005,-0.006,-0.025,-0.019,0.001,-0.020,-0.011,-0.010,-0.037,-0.008,-0.006,-0.040,-0.013,0.004,-0.046,-0.012,0.033,-0.043,-0.016,0.039,-0.025,-0.015,0.030,-0.040,-0.002,Forearm
